{
  "hash": "c46ef512",
  "configHash": "973c08df",
  "lockfileHash": "30e4224b",
  "browserHash": "83361db0",
  "optimized": {
    "@angular/core": {
      "src": "../../../../../../node_modules/@angular/core/fesm2022/core.mjs",
      "file": "@angular_core.js",
      "fileHash": "7d0b730f",
      "needsInterop": false
    },
    "@angular/platform-browser": {
      "src": "../../../../../../node_modules/@angular/platform-browser/fesm2022/platform-browser.mjs",
      "file": "@angular_platform-browser.js",
      "fileHash": "0f8e3a98",
      "needsInterop": false
    },
    "@angular/router": {
      "src": "../../../../../../node_modules/@angular/router/fesm2022/router.mjs",
      "file": "@angular_router.js",
      "fileHash": "407584be",
      "needsInterop": false
    },
    "@angular/forms": {
      "src": "../../../../../../node_modules/@angular/forms/fesm2022/forms.mjs",
      "file": "@angular_forms.js",
      "fileHash": "11f55b97",
      "needsInterop": false
    }
  },
  "chunks": {
    "chunk-NKZ4YFQ7": {
      "file": "chunk-NKZ4YFQ7.js"
    },
    "chunk-Q4KQ4DBQ": {
      "file": "chunk-Q4KQ4DBQ.js"
    },
    "chunk-KUA6TBKJ": {
      "file": "chunk-KUA6TBKJ.js"
    }
  }
}